normalized_title,original_title,details,authors
datation d'un support de peinture,datation d'un support de peinture,r3730f562f9e::c1cccc7d7dfb90e45c98c1eda0e69bb8 | DataverseNL | 2021-01-01,"[{'fullName': 'Fraiture, PF', 'name': 'Pf', 'surname': 'Fraiture', 'rank': 1, 'pid': None}]"
datation d'un support de peinture,datation d'un support de peinture,r3730f562f9e::dcdc3c401386536a3daecd9b04efa485 | DataverseNL | 2021-01-01,"[{'fullName': 'Fraiture, PF', 'name': 'Pf', 'surname': 'Fraiture', 'rank': 1, 'pid': None}]"
datation d'un support de peinture,datation d'un support de peinture,r3730f562f9e::ceabc1a3e12a6a94873d1a377f257872 | DataverseNL | 2021-01-01,"[{'fullName': 'Fraiture, PF', 'name': 'Pf', 'surname': 'Fraiture', 'rank': 1, 'pid': None}]"
datation d'un support de peinture,datation d'un support de peinture,r3730f562f9e::bc306dcbb99d2ee47e36f95e1f500864 | DataverseNL | 2021-01-01,"[{'fullName': 'Fraiture, PF', 'name': 'Pf', 'surname': 'Fraiture', 'rank': 1, 'pid': None}]"
datation d'un support de peinture,datation d'un support de peinture,r3730f562f9e::64705b6cf700f4506ca594c98091c19b | DataverseNL | 2021-01-01,"[{'fullName': 'Fraiture, PF', 'name': 'Pf', 'surname': 'Fraiture', 'rank': 1, 'pid': None}]"
datation d'un support de peinture,datation d'un support de peinture,r3730f562f9e::4e651f71c2a1585ea31faa117552fa5b | DataverseNL | 2021-01-01,"[{'fullName': 'Fraiture, PF', 'name': 'Pf', 'surname': 'Fraiture', 'rank': 1, 'pid': None}]"
datation d'un support de peinture,datation d'un support de peinture,r3730f562f9e::70cf44327e8c51475d4f74a831c0b3a5 | DataverseNL | 2021-01-01,"[{'fullName': 'Fraiture, PF', 'name': 'Pf', 'surname': 'Fraiture', 'rank': 1, 'pid': None}]"
datation d'un support de peinture,datation d'un support de peinture,r3730f562f9e::fdaa25324edb79520fc42838da98a8a0 | DataverseNL | 2021-01-01,"[{'fullName': 'Fraiture, PF', 'name': 'Pf', 'surname': 'Fraiture', 'rank': 1, 'pid': None}]"
datation d'un support de peinture,datation d'un support de peinture,r3730f562f9e::12835e2bdd8fc7656974ec3791366932 | DataverseNL | 2021-01-01,"[{'fullName': 'Fraiture, PF', 'name': 'Pf', 'surname': 'Fraiture', 'rank': 1, 'pid': None}]"
datation d'un support de peinture,datation d'un support de peinture,r3730f562f9e::ed41fd35e218de91a2d293485a0e44e1 | DataverseNL | 2021-01-01,"[{'fullName': 'Fraiture, PF', 'name': 'Pf', 'surname': 'Fraiture', 'rank': 1, 'pid': None}]"
datation d'un support de peinture,datation d'un support de peinture,r3730f562f9e::1ba6a3511e09a5309b0126dae1d4b60e | DataverseNL | 2021-01-01,"[{'fullName': 'Fraiture, PF', 'name': 'Pf', 'surname': 'Fraiture', 'rank': 1, 'pid': None}]"
datation d'un support de peinture,datation d'un support de peinture,r3730f562f9e::56e2860ee0808ed26eee6e5aa35fce6f | DataverseNL | 2021-01-01,"[{'fullName': 'Fraiture, PF', 'name': 'Pf', 'surname': 'Fraiture', 'rank': 1, 'pid': None}]"
datation d'un support de peinture,datation d'un support de peinture,r3730f562f9e::28b65235325cd5bd3acc16fdf118ce3d | DataverseNL | 2021-01-01,"[{'fullName': 'Fraiture, PF', 'name': 'Pf', 'surname': 'Fraiture', 'rank': 1, 'pid': None}]"
datation d'un support de peinture,datation d'un support de peinture,r3730f562f9e::4d9a6a35325211eca86177897a772589 | DataverseNL | 2021-01-01,"[{'fullName': 'Fraiture, PF', 'name': 'Pf', 'surname': 'Fraiture', 'rank': 1, 'pid': None}]"
datation d'un support de peinture,datation d'un support de peinture,r3730f562f9e::5bbbb9bc96b334701dcb877468a8633f | DataverseNL | 2021-01-01,"[{'fullName': 'Fraiture, PF', 'name': 'Pf', 'surname': 'Fraiture', 'rank': 1, 'pid': None}]"
datation d'un support de peinture,datation d'un support de peinture,r3730f562f9e::a4456280eb059a06b80d900dfe03bcfe | DataverseNL | 2021-01-01,"[{'fullName': 'Fraiture, PF', 'name': 'Pf', 'surname': 'Fraiture', 'rank': 1, 'pid': None}]"
datation d'un support de peinture,datation d'un support de peinture,r3730f562f9e::73f3f97c8fe241894c5612ff6dbea1a9 | DataverseNL | 2021-01-01,"[{'fullName': 'Fraiture, PF', 'name': 'Pf', 'surname': 'Fraiture', 'rank': 1, 'pid': None}]"
datation d'un support de peinture,datation d'un support de peinture,r3730f562f9e::85d3605dec0b4e2845413e406eb9c9e0 | DataverseNL | 2021-01-01,"[{'fullName': 'Fraiture, PF', 'name': 'Pf', 'surname': 'Fraiture', 'rank': 1, 'pid': None}]"
datation d'un support de peinture,datation d'un support de peinture,r3730f562f9e::7c3495ab01fe50160c8dfc1eac7328a6 | DataverseNL | 2021-01-01,"[{'fullName': 'Fraiture, PF', 'name': 'Pf', 'surname': 'Fraiture', 'rank': 1, 'pid': None}]"
datation d'un support de peinture,datation d'un support de peinture,r3730f562f9e::5e495e8687c54a177252685334a05a57 | DataverseNL | 2021-01-01,"[{'fullName': 'Fraiture, PF', 'name': 'Pf', 'surname': 'Fraiture', 'rank': 1, 'pid': None}]"
datation d'un support de peinture,datation d'un support de peinture,r3730f562f9e::e7335c780ec2067d02f1f28f90261c19 | DataverseNL | 2021-01-01,"[{'fullName': 'Fraiture, PF', 'name': 'Pf', 'surname': 'Fraiture', 'rank': 1, 'pid': None}]"
datation d'un support de peinture,datation d'un support de peinture,r3730f562f9e::3ca4723826ac7af66c4783c472ef99a0 | DataverseNL | 2021-01-01,"[{'fullName': 'Fraiture, PF', 'name': 'Pf', 'surname': 'Fraiture', 'rank': 1, 'pid': None}]"
datation d'un support de peinture,datation d'un support de peinture,r3730f562f9e::a77b3e41e83ba40b2c4b331da0771cfd | DataverseNL | 2021-01-01,"[{'fullName': 'Fraiture, PF', 'name': 'Pf', 'surname': 'Fraiture', 'rank': 1, 'pid': None}]"
datation d'un support de peinture,datation d'un support de peinture,r3730f562f9e::0e79755023196a7d69a9dfb9d0967d5a | DataverseNL | 2021-01-01,"[{'fullName': 'Fraiture, PF', 'name': 'Pf', 'surname': 'Fraiture', 'rank': 1, 'pid': None}]"
datation d'un support de peinture,datation d'un support de peinture,r3730f562f9e::9122e1c54bf1ab2ac2d8352f49f04929 | DataverseNL | 2021-01-01,"[{'fullName': 'Fraiture, PF', 'name': 'Pf', 'surname': 'Fraiture', 'rank': 1, 'pid': None}]"
datation d'un support de peinture,datation d'un support de peinture,r3730f562f9e::da0625ed5b6094610b59ee0183bab5ce | DataverseNL | 2021-01-01,"[{'fullName': 'Fraiture, PF', 'name': 'Pf', 'surname': 'Fraiture', 'rank': 1, 'pid': None}]"
datation d'un support de peinture,datation d'un support de peinture,r3730f562f9e::b877f6e642f3c9669307dad83bd15fb9 | DataverseNL | 2021-01-01,"[{'fullName': 'Fraiture, PF', 'name': 'Pf', 'surname': 'Fraiture', 'rank': 1, 'pid': None}]"
datation d'un support de peinture,datation d'un support de peinture,r3730f562f9e::2a65a4ceefe42f9b867fb0c727c8ebd5 | DataverseNL | 2021-01-01,"[{'fullName': 'Fraiture, PF', 'name': 'Pf', 'surname': 'Fraiture', 'rank': 1, 'pid': None}]"
datation d'un support de peinture,datation d'un support de peinture,r3730f562f9e::b44f4febed72d366b3a716577eadc690 | DataverseNL | 2021-01-01,"[{'fullName': 'Fraiture, PF', 'name': 'Pf', 'surname': 'Fraiture', 'rank': 1, 'pid': None}]"
datation d'un support de peinture,datation d'un support de peinture,r3730f562f9e::4f6b2dfdcdaca78a6bfebc54920fbed0 | DataverseNL | 2021-01-01,"[{'fullName': 'Fraiture, PF', 'name': 'Pf', 'surname': 'Fraiture', 'rank': 1, 'pid': None}]"
datation d'un support de peinture,datation d'un support de peinture,r3730f562f9e::be2a1e242a98ff90196468710c9f2c39 | DataverseNL | 2021-01-01,"[{'fullName': 'Fraiture, PF', 'name': 'Pf', 'surname': 'Fraiture', 'rank': 1, 'pid': None}]"
datation d'un support de peinture,datation d'un support de peinture,r3730f562f9e::541b2860056937aab2bb12bb07f1457b | DataverseNL | 2021-01-01,"[{'fullName': 'Fraiture, PF', 'name': 'Pf', 'surname': 'Fraiture', 'rank': 1, 'pid': None}]"
datation d'un support de peinture,datation d'un support de peinture,r3730f562f9e::306bf27a3768bafa11fbd427055a15b5 | DataverseNL | 2021-01-01,"[{'fullName': 'Fraiture, PF', 'name': 'Pf', 'surname': 'Fraiture', 'rank': 1, 'pid': None}]"
datation d'un support de peinture,datation d'un support de peinture,doi_________::2571790b4db1549b9f7c2842c7abcba0 | DataverseNL | 2021-01-01,"[{'fullName': 'Fraiture, PF', 'name': 'PF', 'surname': 'Fraiture', 'rank': 1, 'pid': None}]"
datation d'un support de peinture,datation d'un support de peinture,r3730f562f9e::5ba2a59db3c8fc316d057699abda27d0 | DataverseNL | 2021-01-01,"[{'fullName': 'Fraiture, PF', 'name': 'Pf', 'surname': 'Fraiture', 'rank': 1, 'pid': None}]"
datation d'un support de peinture,datation d'un support de peinture,r3730f562f9e::2c1791ea01daf134681522dd336717c8 | DataverseNL | 2021-01-01,"[{'fullName': 'Fraiture, PF', 'name': 'Pf', 'surname': 'Fraiture', 'rank': 1, 'pid': None}]"
datation d'un support de peinture,datation d'un support de peinture,r3730f562f9e::8d4ddd88620234c9d2bfa64ad0fdc2ff | DataverseNL | 2021-01-01,"[{'fullName': 'Fraiture, PF', 'name': 'Pf', 'surname': 'Fraiture', 'rank': 1, 'pid': None}]"
datation d'un support de peinture,datation d'un support de peinture,r3730f562f9e::03f75b801da386077ef9a633dd5c23ac | DataverseNL | 2021-01-01,"[{'fullName': 'Fraiture, PF', 'name': 'Pf', 'surname': 'Fraiture', 'rank': 1, 'pid': None}]"
datation d'un support de peinture,datation d'un support de peinture,r3730f562f9e::b717fd236f2b5cc2f25a6226e850ac79 | DataverseNL | 2021-01-01,"[{'fullName': 'Fraiture, PF', 'name': 'Pf', 'surname': 'Fraiture', 'rank': 1, 'pid': None}]"
datation d'un support de peinture,datation d'un support de peinture,r3730f562f9e::c3ec15167adbdee2c8c547a5579d293a | DataverseNL | 2021-01-01,"[{'fullName': 'Fraiture, PF', 'name': 'Pf', 'surname': 'Fraiture', 'rank': 1, 'pid': None}]"
datation d'un support de peinture,datation d'un support de peinture,r3730f562f9e::d4584b2dfe4b0ae1a24848429e644471 | DataverseNL | 2021-01-01,"[{'fullName': 'Fraiture, PF', 'name': 'Pf', 'surname': 'Fraiture', 'rank': 1, 'pid': None}]"
datation d'un support de peinture,datation d'un support de peinture,r3730f562f9e::e51dfb42c6c01a5a1ffeec2762700987 | DataverseNL | 2021-01-01,"[{'fullName': 'Fraiture, PF', 'name': 'Pf', 'surname': 'Fraiture', 'rank': 1, 'pid': None}]"
datation d'un support de peinture,datation d'un support de peinture,r3730f562f9e::858aa99cd2c41998e0c8fda37c48dae1 | DataverseNL | 2021-01-01,"[{'fullName': 'Fraiture, PF', 'name': 'Pf', 'surname': 'Fraiture', 'rank': 1, 'pid': None}]"
datation d'un support de peinture,datation d'un support de peinture,r3730f562f9e::3b82d91395675aaaed8e92d2e53e694b | DataverseNL | 2021-01-01,"[{'fullName': 'Fraiture, PF', 'name': 'Pf', 'surname': 'Fraiture', 'rank': 1, 'pid': None}]"
datation d'un support de peinture,datation d'un support de peinture,r3730f562f9e::7d13f485faaa21c68a6d9012207ce9dd | DataverseNL | 2021-01-01,"[{'fullName': 'Fraiture, PF', 'name': 'Pf', 'surname': 'Fraiture', 'rank': 1, 'pid': None}]"
datation d'un support de peinture,datation d'un support de peinture,r3730f562f9e::0ff73cfc7f2d7ba0c0bf3a2d4f166067 | DataverseNL | 2021-01-01,"[{'fullName': 'Fraiture, PF', 'name': 'Pf', 'surname': 'Fraiture', 'rank': 1, 'pid': None}]"
datation d'un support de peinture,datation d'un support de peinture,r3730f562f9e::b12a5cd9c9362a42ce950d5f1bd69655 | DataverseNL | 2021-01-01,"[{'fullName': 'Fraiture, PF', 'name': 'Pf', 'surname': 'Fraiture', 'rank': 1, 'pid': None}]"
datation d'un support de peinture,datation d'un support de peinture,r3730f562f9e::869144740c54758b03946c5112f4177c | DataverseNL | 2021-01-01,"[{'fullName': 'Fraiture, PF', 'name': 'Pf', 'surname': 'Fraiture', 'rank': 1, 'pid': None}]"
datation d'un support de peinture,datation d'un support de peinture,r3730f562f9e::cb3211a3b66b3f72ac491c05465f2506 | DataverseNL | 2021-01-01,"[{'fullName': 'Fraiture, PF', 'name': 'Pf', 'surname': 'Fraiture', 'rank': 1, 'pid': None}]"
datation d'un support de peinture,datation d'un support de peinture,r3730f562f9e::45714b6018c03e182104508f8a5bf2a2 | DataverseNL | 2021-01-01,"[{'fullName': 'Fraiture, PF', 'name': 'Pf', 'surname': 'Fraiture', 'rank': 1, 'pid': None}]"
datation d'un support de peinture,datation d'un support de peinture,r3730f562f9e::312f694688de670f6fe23812996b68a1 | DataverseNL | 2021-01-01,"[{'fullName': 'Fraiture, PF', 'name': 'Pf', 'surname': 'Fraiture', 'rank': 1, 'pid': None}]"
datation d'un support de peinture,datation d'un support de peinture,r3730f562f9e::68a323503a58c43172762c0b1902abb8 | DataverseNL | 2021-01-01,"[{'fullName': 'Fraiture, PF', 'name': 'Pf', 'surname': 'Fraiture', 'rank': 1, 'pid': None}]"
datation d'un support de peinture,datation d'un support de peinture,r3730f562f9e::d602443326a8b8655596301e4d60cace | DataverseNL | 2021-01-01,"[{'fullName': 'Fraiture, PF', 'name': 'Pf', 'surname': 'Fraiture', 'rank': 1, 'pid': None}]"
datation d'un support de peinture,datation d'un support de peinture,doi_________::0878e23fb1be7ac2ae364b239f4fc4fb | DataverseNL | 2021-01-01,"[{'fullName': 'Fraiture, PF', 'name': 'PF', 'surname': 'Fraiture', 'rank': 1, 'pid': None}]"
datation d'un support de peinture,datation d'un support de peinture,r3730f562f9e::991d021d170f2ca22ae63a743c99457c | DataverseNL | 2021-01-01,"[{'fullName': 'Fraiture, PF', 'name': 'Pf', 'surname': 'Fraiture', 'rank': 1, 'pid': None}]"
datation d'un support de peinture,datation d'un support de peinture,r3730f562f9e::87c9e4445dceff83d117094082e591a9 | DataverseNL | 2021-01-01,"[{'fullName': 'Fraiture, PF', 'name': 'Pf', 'surname': 'Fraiture', 'rank': 1, 'pid': None}]"
datation d'un support de peinture,datation d'un support de peinture,r3730f562f9e::5d71cede64c4d75b4b64496341df8b10 | DataverseNL | 2021-01-01,"[{'fullName': 'Fraiture, PF', 'name': 'Pf', 'surname': 'Fraiture', 'rank': 1, 'pid': None}]"
datation d'un support de peinture,datation d'un support de peinture,r3730f562f9e::fc43264d5418f7dbae67b28856ba5436 | DataverseNL | 2021-01-01,"[{'fullName': 'Fraiture, PF', 'name': 'Pf', 'surname': 'Fraiture', 'rank': 1, 'pid': None}]"
datation d'un support de peinture,datation d'un support de peinture,r3730f562f9e::9bc12cd744ea3566b3cadc7ff87edf61 | DataverseNL | 2021-01-01,"[{'fullName': 'Fraiture, PF', 'name': 'Pf', 'surname': 'Fraiture', 'rank': 1, 'pid': None}]"
datation d'un support de peinture,datation d'un support de peinture,r3730f562f9e::636096f27d587b68a9650ca47aa9d912 | DataverseNL | 2021-01-01,"[{'fullName': 'Fraiture, PF', 'name': 'Pf', 'surname': 'Fraiture', 'rank': 1, 'pid': None}]"
datation d'un support de peinture,datation d'un support de peinture,r3730f562f9e::fe66129cfaf68b3c1aadfcbeeb36de35 | DataverseNL | 2021-01-01,"[{'fullName': 'Fraiture, PF', 'name': 'Pf', 'surname': 'Fraiture', 'rank': 1, 'pid': None}]"
datation d'un support de peinture,datation d'un support de peinture,r3730f562f9e::270c23ab63c0bf17055b4d8dd788b316 | DataverseNL | 2021-01-01,"[{'fullName': 'Fraiture, PF', 'name': 'Pf', 'surname': 'Fraiture', 'rank': 1, 'pid': None}]"
datation d'un support de peinture,datation d'un support de peinture,r3730f562f9e::38ef8d2c032a49568e2debb3c8e20bf2 | DataverseNL | 2021-01-01,"[{'fullName': 'Fraiture, PF', 'name': 'Pf', 'surname': 'Fraiture', 'rank': 1, 'pid': None}]"
datation d'un support de peinture,datation d'un support de peinture,r3730f562f9e::8888e67959680f38d32b27a534b80e7f | DataverseNL | 2021-01-01,"[{'fullName': 'Fraiture, PF', 'name': 'Pf', 'surname': 'Fraiture', 'rank': 1, 'pid': None}]"
datation d'un support de peinture,datation d'un support de peinture,r3730f562f9e::240cbe95d6a746cff9a89dfb680c02a1 | DataverseNL | 2021-01-01,"[{'fullName': 'Fraiture, PF', 'name': 'Pf', 'surname': 'Fraiture', 'rank': 1, 'pid': None}]"
datation d'un support de peinture,datation d'un support de peinture,r3730f562f9e::360c4374872eff3c9c4b2f3d752fc773 | DataverseNL | 2021-01-01,"[{'fullName': 'Fraiture, PF', 'name': 'Pf', 'surname': 'Fraiture', 'rank': 1, 'pid': None}]"
datation d'un support de peinture,datation d'un support de peinture,r3730f562f9e::131240f716568f0bc3311e6cc5443991 | DataverseNL | 2021-01-01,"[{'fullName': 'Fraiture, PF', 'name': 'Pf', 'surname': 'Fraiture', 'rank': 1, 'pid': None}]"
datation d'un support de peinture,datation d'un support de peinture,r3730f562f9e::8bea9aedcf7df56a225d702fdd9b558d | DataverseNL | 2021-01-01,"[{'fullName': 'Fraiture, PF', 'name': 'Pf', 'surname': 'Fraiture', 'rank': 1, 'pid': None}]"
datation d'un support de peinture,datation d'un support de peinture,r3730f562f9e::85baaf6209b3f7a3f6e7baf4409ef3be | DataverseNL | 2021-01-01,"[{'fullName': 'Fraiture, PF', 'name': 'Pf', 'surname': 'Fraiture', 'rank': 1, 'pid': None}]"
datation d'un support de peinture,datation d'un support de peinture,doi_________::2115aeb97c016535d519d1401f9b417f | DataverseNL | 2021-01-01,"[{'fullName': 'Fraiture, PF', 'name': 'PF', 'surname': 'Fraiture', 'rank': 1, 'pid': None}]"
datation d'un support de peinture,datation d'un support de peinture,r3730f562f9e::41000943f640f1dea406a2daeb8cbbd7 | DataverseNL | 2021-01-01,"[{'fullName': 'Fraiture, PF', 'name': 'Pf', 'surname': 'Fraiture', 'rank': 1, 'pid': None}]"
datation d'un support de peinture,datation d'un support de peinture,r3730f562f9e::40103688524b1ec778005781e765679c | DataverseNL | 2021-01-01,"[{'fullName': 'Fraiture, PF', 'name': 'Pf', 'surname': 'Fraiture', 'rank': 1, 'pid': None}]"
datation d'un support de peinture,datation d'un support de peinture,r3730f562f9e::73c0bb4db55050de6bda9fd0a8cf11c5 | DataverseNL | 2021-01-01,"[{'fullName': 'Fraiture, PF', 'name': 'Pf', 'surname': 'Fraiture', 'rank': 1, 'pid': None}]"
datation d'un support de peinture,datation d'un support de peinture,r3730f562f9e::27b7447b43e11eab0b4fa4a7a5ede33d | DataverseNL | 2021-01-01,"[{'fullName': 'Fraiture, PF', 'name': 'Pf', 'surname': 'Fraiture', 'rank': 1, 'pid': None}]"
datation d'un support de peinture,datation d'un support de peinture,r3730f562f9e::d72a24b4ee5f35e5cdb087ae6789e115 | DataverseNL | 2021-01-01,"[{'fullName': 'Fraiture, PF', 'name': 'Pf', 'surname': 'Fraiture', 'rank': 1, 'pid': None}]"
datation d'un support de peinture,datation d'un support de peinture,r3730f562f9e::86918587ed5c4933aeed4c1d9b57a0f2 | DataverseNL | 2021-01-01,"[{'fullName': 'Fraiture, PF', 'name': 'Pf', 'surname': 'Fraiture', 'rank': 1, 'pid': None}]"
datation d'un support de peinture,datation d'un support de peinture,r3730f562f9e::7a937deff67abe2deafd67bf554aef67 | DataverseNL | 2021-01-01,"[{'fullName': 'Fraiture, PF', 'name': 'Pf', 'surname': 'Fraiture', 'rank': 1, 'pid': None}]"
datation d'un support de peinture,datation d'un support de peinture,r3730f562f9e::0ee223bf00e7cfeeafb4720f84f0176a | DataverseNL | 2021-01-01,"[{'fullName': 'Fraiture, PF', 'name': 'Pf', 'surname': 'Fraiture', 'rank': 1, 'pid': None}]"
datation d'un support de peinture,datation d'un support de peinture,r3730f562f9e::d2a1fb3cd8175f843508927c577218f1 | DataverseNL | 2021-01-01,"[{'fullName': 'Fraiture, PF', 'name': 'Pf', 'surname': 'Fraiture', 'rank': 1, 'pid': None}]"
datation d'un support de peinture,datation d'un support de peinture,r3730f562f9e::6fbc6ad8e60187814478af72b20e20a6 | DataverseNL | 2021-01-01,"[{'fullName': 'Fraiture, PF', 'name': 'Pf', 'surname': 'Fraiture', 'rank': 1, 'pid': None}]"
datation d'un support de peinture,datation d'un support de peinture,r3730f562f9e::2236e5c5946b9d0452fc4c0578d41e7a | DataverseNL | 2021-01-01,"[{'fullName': 'Fraiture, PF', 'name': 'Pf', 'surname': 'Fraiture', 'rank': 1, 'pid': None}]"
datation d'un support de peinture,datation d'un support de peinture,r3730f562f9e::8623c1776594ec9bbf46a73f399a1cd4 | DataverseNL | 2021-01-01,"[{'fullName': 'Fraiture, PF', 'name': 'Pf', 'surname': 'Fraiture', 'rank': 1, 'pid': None}]"
datation d'un support de peinture,datation d'un support de peinture,r3730f562f9e::e80d68891093b1a6c0ec2c9b5d6b79de | DataverseNL | 2021-01-01,"[{'fullName': 'Fraiture, PF', 'name': 'Pf', 'surname': 'Fraiture', 'rank': 1, 'pid': None}]"
datation d'un support de peinture,datation d'un support de peinture,r3730f562f9e::57deaa3129327386443533f24d98a5fc | DataverseNL | 2021-01-01,"[{'fullName': 'Fraiture, PF', 'name': 'Pf', 'surname': 'Fraiture', 'rank': 1, 'pid': None}]"
datation d'un support de peinture,datation d'un support de peinture,r3730f562f9e::86ec94ec36e92f5eeb06e761860eccf5 | DataverseNL | 2021-01-01,"[{'fullName': 'Fraiture, PF', 'name': 'Pf', 'surname': 'Fraiture', 'rank': 1, 'pid': None}]"
datation d'un support de peinture,datation d'un support de peinture,r3730f562f9e::a1471890627eefc09b7478ef01ecd95c | DataverseNL | 2021-01-01,"[{'fullName': 'Fraiture, PF', 'name': 'Pf', 'surname': 'Fraiture', 'rank': 1, 'pid': None}]"
datation d'un support de peinture,datation d'un support de peinture,r3730f562f9e::cf05d66954b176e5b15a9268cb967a72 | DataverseNL | 2021-01-01,"[{'fullName': 'Fraiture, PF', 'name': 'Pf', 'surname': 'Fraiture', 'rank': 1, 'pid': None}]"
datation d'un support de peinture,datation d'un support de peinture,r3730f562f9e::4dcea25b71e3864859c38c0870696eb0 | DataverseNL | 2021-01-01,"[{'fullName': 'Fraiture, PF', 'name': 'Pf', 'surname': 'Fraiture', 'rank': 1, 'pid': None}]"
datation d'un support de peinture,datation d'un support de peinture,r3730f562f9e::8c7da4f6d6eb13fde7cba5fea613624a | DataverseNL | 2021-01-01,"[{'fullName': 'Fraiture, PF', 'name': 'Pf', 'surname': 'Fraiture', 'rank': 1, 'pid': None}]"
datation d'un support de peinture,datation d'un support de peinture,r3730f562f9e::a7e5017ae1460631575d39c3d281d7f5 | DataverseNL | 2021-01-01,"[{'fullName': 'Fraiture, PF', 'name': 'Pf', 'surname': 'Fraiture', 'rank': 1, 'pid': None}]"
datation d'un support de peinture,datation d'un support de peinture,r3730f562f9e::a08d98a437d4faf26eced6f8b0aaa47a | DataverseNL | 2021-01-01,"[{'fullName': 'Fraiture, PF', 'name': 'Pf', 'surname': 'Fraiture', 'rank': 1, 'pid': None}]"
datation d'un support de peinture,datation d'un support de peinture,r3730f562f9e::bcdc03cb09aa4abfd913cf24783724c0 | DataverseNL | 2021-01-01,"[{'fullName': 'Fraiture, PF', 'name': 'Pf', 'surname': 'Fraiture', 'rank': 1, 'pid': None}]"
datation d'un support de peinture,datation d'un support de peinture,r3730f562f9e::afd4b3b918d2545ac2c0dc08c2eb4964 | DataverseNL | 2021-01-01,"[{'fullName': 'Fraiture, PF', 'name': 'Pf', 'surname': 'Fraiture', 'rank': 1, 'pid': None}]"
datation d'un support de peinture,datation d'un support de peinture,r3730f562f9e::f6a8fc295aa6f656994fe8e212a089dc | DataverseNL | 2021-01-01,"[{'fullName': 'Fraiture, PF', 'name': 'Pf', 'surname': 'Fraiture', 'rank': 1, 'pid': None}]"
datation d'un support de peinture,datation d'un support de peinture,r3730f562f9e::dad2e8c7f873d18173ca423261a4a7df | DataverseNL | 2021-01-01,"[{'fullName': 'Fraiture, PF', 'name': 'Pf', 'surname': 'Fraiture', 'rank': 1, 'pid': None}]"
datation d'un support de peinture,datation d'un support de peinture,r3730f562f9e::f221014ad22437cd020fbd3b07908ad4 | DataverseNL | 2021-01-01,"[{'fullName': 'Fraiture, PF', 'name': 'Pf', 'surname': 'Fraiture', 'rank': 1, 'pid': None}]"
datation d'un support de peinture,datation d'un support de peinture,r3730f562f9e::e19fcb0cc2ea5ffa596fd78b00a84f50 | DataverseNL | 2021-01-01,"[{'fullName': 'Fraiture, PF', 'name': 'Pf', 'surname': 'Fraiture', 'rank': 1, 'pid': None}]"
datation d'un support de peinture,datation d'un support de peinture,doi_________::26bc66cfbfee9a2bb588a5958955ef4f | DataverseNL | 2021-01-01,"[{'fullName': 'Fraiture, PF', 'name': 'PF', 'surname': 'Fraiture', 'rank': 1, 'pid': None}]"
datation d'un support de peinture,datation d'un support de peinture,r3730f562f9e::d5cdcf9ba79a2c1e1d80e88f45ba159d | DataverseNL | 2021-01-01,"[{'fullName': 'Fraiture, PF', 'name': 'Pf', 'surname': 'Fraiture', 'rank': 1, 'pid': None}]"
datation d'un support de peinture,datation d'un support de peinture,r3730f562f9e::164a90d4624d18f2d9dc26b24b80e927 | DataverseNL | 2021-01-01,"[{'fullName': 'Fraiture, PF', 'name': 'Pf', 'surname': 'Fraiture', 'rank': 1, 'pid': None}]"
datation d'un support de peinture,datation d'un support de peinture,r3730f562f9e::984b6c850057a44a57d8196f15aec9ec | DataverseNL | 2021-01-01,"[{'fullName': 'Fraiture, PF', 'name': 'Pf', 'surname': 'Fraiture', 'rank': 1, 'pid': None}]"
datation d'un support de peinture,datation d'un support de peinture,r3730f562f9e::dc3e6a9ac8dcf098d5b16486f0d1952b | DataverseNL | 2021-01-01,"[{'fullName': 'Fraiture, PF', 'name': 'Pf', 'surname': 'Fraiture', 'rank': 1, 'pid': None}]"
datation d'un support de peinture,datation d'un support de peinture,r3730f562f9e::7282807b61b91219c86464f5f2f017ed | DataverseNL | 2021-01-01,"[{'fullName': 'Fraiture, PF', 'name': 'Pf', 'surname': 'Fraiture', 'rank': 1, 'pid': None}]"
datation d'un support de peinture,datation d'un support de peinture,r3730f562f9e::0d86e6b381e91cc94fe7dd82c97cb6d3 | DataverseNL | 2021-01-01,"[{'fullName': 'Fraiture, PF', 'name': 'Pf', 'surname': 'Fraiture', 'rank': 1, 'pid': None}]"
datation d'un support de peinture,datation d'un support de peinture,r3730f562f9e::27b55dd2abfeb5f971a65c84e802333b | DataverseNL | 2021-01-01,"[{'fullName': 'Fraiture, PF', 'name': 'Pf', 'surname': 'Fraiture', 'rank': 1, 'pid': None}]"
datation d'un support de peinture,datation d'un support de peinture,r3730f562f9e::276d21119847ce97f15b326eb55f2aac | DataverseNL | 2021-01-01,"[{'fullName': 'Fraiture, PF', 'name': 'Pf', 'surname': 'Fraiture', 'rank': 1, 'pid': None}]"
datation d'un support de peinture,datation d'un support de peinture,r3730f562f9e::1b1e750e60b4df62c45a39d6330337c6 | DataverseNL | 2021-01-01,"[{'fullName': 'Fraiture, PF', 'name': 'Pf', 'surname': 'Fraiture', 'rank': 1, 'pid': None}]"
datation d'un support de peinture,datation d'un support de peinture,r3730f562f9e::e51f4d33b4ad69ec388b039fb38e2c6e | DataverseNL | 2021-01-01,"[{'fullName': 'Fraiture, PF', 'name': 'Pf', 'surname': 'Fraiture', 'rank': 1, 'pid': None}]"
datation d'un support de peinture,datation d'un support de peinture,r3730f562f9e::d82cd1ac1992df620945c8cefc252b34 | DataverseNL | 2021-01-01,"[{'fullName': 'Fraiture, PF', 'name': 'Pf', 'surname': 'Fraiture', 'rank': 1, 'pid': None}]"
datation d'un support de peinture,datation d'un support de peinture,r3730f562f9e::2888d8e83303161dab3fb7f357c6f544 | DataverseNL | 2021-01-01,"[{'fullName': 'Fraiture, PF', 'name': 'Pf', 'surname': 'Fraiture', 'rank': 1, 'pid': None}]"
datation d'un support de peinture,datation d'un support de peinture,r3730f562f9e::2b9d2df1c8dbd07503f8ccc402e65d53 | DataverseNL | 2021-01-01,"[{'fullName': 'Fraiture, PF', 'name': 'Pf', 'surname': 'Fraiture', 'rank': 1, 'pid': None}]"
datation d'un support de peinture,datation d'un support de peinture,r3730f562f9e::86e53d9687ea1dfe1743140197e954cc | DataverseNL | 2021-01-01,"[{'fullName': 'Fraiture, PF', 'name': 'Pf', 'surname': 'Fraiture', 'rank': 1, 'pid': None}]"
datation d'un support de peinture,datation d'un support de peinture,r3730f562f9e::6edf029a19ec0c69f9ccdf28a9e8922c | DataverseNL | 2021-01-01,"[{'fullName': 'Fraiture, PF', 'name': 'Pf', 'surname': 'Fraiture', 'rank': 1, 'pid': None}]"
datation d'un support de peinture,datation d'un support de peinture,r3730f562f9e::6b21033295443aa74514fb369a287c69 | DataverseNL | 2021-01-01,"[{'fullName': 'Fraiture, PF', 'name': 'Pf', 'surname': 'Fraiture', 'rank': 1, 'pid': None}]"
datation d'un support de peinture,datation d'un support de peinture,r3730f562f9e::af1bfc613c5e1565abc5ca2cbce933c3 | DataverseNL | 2021-01-01,"[{'fullName': 'Fraiture, PF', 'name': 'Pf', 'surname': 'Fraiture', 'rank': 1, 'pid': None}]"
datation d'un support de peinture,datation d'un support de peinture,r3730f562f9e::2d8e651ab347b8a7eb328921e985336a | DataverseNL | 2021-01-01,"[{'fullName': 'Fraiture, PF', 'name': 'Pf', 'surname': 'Fraiture', 'rank': 1, 'pid': None}]"
datation d'un support de peinture,datation d'un support de peinture,r3730f562f9e::50afb734d5bf518eb6cc1f96427fbdad | DataverseNL | 2021-01-01,"[{'fullName': 'Fraiture, PF', 'name': 'Pf', 'surname': 'Fraiture', 'rank': 1, 'pid': None}]"
datation d'un support de peinture,datation d'un support de peinture,r3730f562f9e::d35f39a437e9dfbd55795a1d37eae8bb | DataverseNL | 2021-01-01,"[{'fullName': 'Fraiture, PF', 'name': 'Pf', 'surname': 'Fraiture', 'rank': 1, 'pid': None}]"
datation d'un support de peinture,datation d'un support de peinture,r3730f562f9e::85402875947caf3fcc6b1d8304b93cd1 | DataverseNL | 2021-01-01,"[{'fullName': 'Fraiture, PF', 'name': 'Pf', 'surname': 'Fraiture', 'rank': 1, 'pid': None}]"
datation d'un support de peinture,datation d'un support de peinture,r3730f562f9e::5089364daa88666758bcf026aa89b03b | DataverseNL | 2021-01-01,"[{'fullName': 'Fraiture, PF', 'name': 'Pf', 'surname': 'Fraiture', 'rank': 1, 'pid': None}]"
datation d'un support de peinture,datation d'un support de peinture,r3730f562f9e::496c4801d1d8d57992282260c38728f3 | DataverseNL | 2021-01-01,"[{'fullName': 'Fraiture, PF', 'name': 'Pf', 'surname': 'Fraiture', 'rank': 1, 'pid': None}]"
datation d'un support de peinture,datation d'un support de peinture,r3730f562f9e::292fc79db4c784533b4b280383e0222e | DataverseNL | 2021-01-01,"[{'fullName': 'Fraiture, PF', 'name': 'Pf', 'surname': 'Fraiture', 'rank': 1, 'pid': None}]"
datation d'un support de peinture,datation d'un support de peinture,r3730f562f9e::532457af2926fb1c8ab153fa166e28b2 | DataverseNL | 2021-01-01,"[{'fullName': 'Fraiture, PF', 'name': 'Pf', 'surname': 'Fraiture', 'rank': 1, 'pid': None}]"
datation d'un support de peinture,datation d'un support de peinture,r3730f562f9e::2b51cd4383de68ba4dc6551c208b6d0f | DataverseNL | 2021-01-01,"[{'fullName': 'Fraiture, PF', 'name': 'Pf', 'surname': 'Fraiture', 'rank': 1, 'pid': None}]"
datation d'un support de peinture,datation d'un support de peinture,r3730f562f9e::c0975ce2e990ef8c74834d27ea679ae1 | DataverseNL | 2021-01-01,"[{'fullName': 'Fraiture, PF', 'name': 'Pf', 'surname': 'Fraiture', 'rank': 1, 'pid': None}]"
datation d'un support de peinture,datation d'un support de peinture,r3730f562f9e::617a3c89d493a6ce45a1cedc08c893a5 | DataverseNL | 2021-01-01,"[{'fullName': 'Fraiture, PF', 'name': 'Pf', 'surname': 'Fraiture', 'rank': 1, 'pid': None}]"
datation d'un support de peinture,datation d'un support de peinture,r3730f562f9e::454d4726bffabb097e13e96963c0f78b | DataverseNL | 2021-01-01,"[{'fullName': 'Fraiture, PF', 'name': 'Pf', 'surname': 'Fraiture', 'rank': 1, 'pid': None}]"
datation d'un support de peinture,datation d'un support de peinture,r3730f562f9e::b9e28938a0e901ce3694ed98d2471ac0 | DataverseNL | 2021-01-01,"[{'fullName': 'Fraiture, PF', 'name': 'Pf', 'surname': 'Fraiture', 'rank': 1, 'pid': None}]"
datation d'un support de peinture,datation d'un support de peinture,r3730f562f9e::dd1edd412a5e619bdf21bafc2ef40f3b | DataverseNL | 2021-01-01,"[{'fullName': 'Fraiture, PF', 'name': 'Pf', 'surname': 'Fraiture', 'rank': 1, 'pid': None}]"
datation d'un support de peinture,datation d'un support de peinture,r3730f562f9e::ba5869b7bb56ec033d67b3efc66a7a6b | DataverseNL | 2021-01-01,"[{'fullName': 'Fraiture, PF', 'name': 'Pf', 'surname': 'Fraiture', 'rank': 1, 'pid': None}]"
datation d'un support de peinture,datation d'un support de peinture,r3730f562f9e::31dbceb6e2f844a28493e9990da7e496 | DataverseNL | 2021-01-01,"[{'fullName': 'Fraiture, PF', 'name': 'Pf', 'surname': 'Fraiture', 'rank': 1, 'pid': None}]"
datation d'un support de peinture,datation d'un support de peinture,r3730f562f9e::868c0f3defb4adfedeaedde9bf7eb33f | DataverseNL | 2021-01-01,"[{'fullName': 'Fraiture, PF', 'name': 'Pf', 'surname': 'Fraiture', 'rank': 1, 'pid': None}]"
datation d'un support de peinture,datation d'un support de peinture,doi_________::3cedfe0e122cf138558ac57cf1c37200 | DataverseNL | 2021-01-01,"[{'fullName': 'Fraiture, PF', 'name': 'PF', 'surname': 'Fraiture', 'rank': 1, 'pid': None}]"
datation d'un support de peinture,datation d'un support de peinture,r3730f562f9e::6e29d14fa81ea8bc6447626188c0d256 | DataverseNL | 2021-01-01,"[{'fullName': 'Fraiture, PF', 'name': 'Pf', 'surname': 'Fraiture', 'rank': 1, 'pid': None}]"
datation d'un support de peinture,datation d'un support de peinture,r3730f562f9e::2360baf835ca98e233ceb0f99cf4e618 | DataverseNL | 2021-01-01,"[{'fullName': 'Fraiture, PF', 'name': 'Pf', 'surname': 'Fraiture', 'rank': 1, 'pid': None}]"
datation d'un support de peinture,datation d'un support de peinture,doi_________::286247b561e5ffe39d7f4c3c1c162b23 | DataverseNL | 2021-01-01,"[{'fullName': 'Fraiture, PF', 'name': 'PF', 'surname': 'Fraiture', 'rank': 1, 'pid': None}]"
datation d'un support de peinture,datation d'un support de peinture,r3730f562f9e::aed979e93f0a4b7e80c657124106331e | DataverseNL | 2021-01-01,"[{'fullName': 'Fraiture, PF', 'name': 'Pf', 'surname': 'Fraiture', 'rank': 1, 'pid': None}]"
datation d'un support de peinture,datation d'un support de peinture,r3730f562f9e::cabc312d8a79fa739701167c04c25b72 | DataverseNL | 2021-01-01,"[{'fullName': 'Fraiture, PF', 'name': 'Pf', 'surname': 'Fraiture', 'rank': 1, 'pid': None}]"
datation d'un support de peinture,datation d'un support de peinture,r3730f562f9e::0d5ec1ec3a96f1f9b2f42d9e76dd55ee | DataverseNL | 2021-01-01,"[{'fullName': 'Fraiture, PF', 'name': 'Pf', 'surname': 'Fraiture', 'rank': 1, 'pid': None}]"
datation d'un support de peinture,datation d'un support de peinture,r3730f562f9e::c81792e97a74cd925b9e8dbc9f0af39c | DataverseNL | 2021-01-01,"[{'fullName': 'Fraiture, PF', 'name': 'Pf', 'surname': 'Fraiture', 'rank': 1, 'pid': None}]"
datation d'un support de peinture,datation d'un support de peinture,r3730f562f9e::28fcde3cdc74c48c10d43db21308b32e | DataverseNL | 2021-01-01,"[{'fullName': 'Fraiture, PF', 'name': 'Pf', 'surname': 'Fraiture', 'rank': 1, 'pid': None}]"
datation d'un support de peinture,datation d'un support de peinture,r3730f562f9e::036d074032179e1296b8d93743be0889 | DataverseNL | 2021-01-01,"[{'fullName': 'Fraiture, PF', 'name': 'Pf', 'surname': 'Fraiture', 'rank': 1, 'pid': None}]"
datation d'un support de peinture,datation d'un support de peinture,r3730f562f9e::39341a6c477c8edef76f3606cf50150c | DataverseNL | 2021-01-01,"[{'fullName': 'Fraiture, PF', 'name': 'Pf', 'surname': 'Fraiture', 'rank': 1, 'pid': None}]"
datation d'un support de peinture,datation d'un support de peinture,r3730f562f9e::b87c5a39e3ddecc859c0bb65db0abfaa | DataverseNL | 2021-01-01,"[{'fullName': 'Fraiture, PF', 'name': 'Pf', 'surname': 'Fraiture', 'rank': 1, 'pid': None}]"
datation d'un support de peinture,datation d'un support de peinture,r3730f562f9e::0cd86cf0983ebdc03f46ca768a3d163c | DataverseNL | 2021-01-01,"[{'fullName': 'Fraiture, PF', 'name': 'Pf', 'surname': 'Fraiture', 'rank': 1, 'pid': None}]"
datation d'un support de peinture,datation d'un support de peinture,r3730f562f9e::f0c217d69dccb23f854ec0b09045aeed | DataverseNL | 2021-01-01,"[{'fullName': 'Fraiture, PF', 'name': 'Pf', 'surname': 'Fraiture', 'rank': 1, 'pid': None}]"
datation d'un support de peinture,datation d'un support de peinture,r3730f562f9e::6458613264deeac9a884f422318c9e9f | DataverseNL | 2021-01-01,"[{'fullName': 'Fraiture, PF', 'name': 'Pf', 'surname': 'Fraiture', 'rank': 1, 'pid': None}]"
datation d'un support de peinture,datation d'un support de peinture,r3730f562f9e::b945d2b26e8960fd8c0bc5876b9dd86c | DataverseNL | 2021-01-01,"[{'fullName': 'Fraiture, PF', 'name': 'Pf', 'surname': 'Fraiture', 'rank': 1, 'pid': None}]"
datation d'un support de peinture,datation d'un support de peinture,r3730f562f9e::bcd673ed2cf319383f9823a17b96a459 | DataverseNL | 2021-01-01,"[{'fullName': 'Fraiture, PF', 'name': 'Pf', 'surname': 'Fraiture', 'rank': 1, 'pid': None}]"
datation d'un support de peinture,datation d'un support de peinture,r3730f562f9e::de28350482319597389bf470a0f0a00d | DataverseNL | 2021-01-01,"[{'fullName': 'Fraiture, PF', 'name': 'Pf', 'surname': 'Fraiture', 'rank': 1, 'pid': None}]"
datation d'un support de peinture,datation d'un support de peinture,r3730f562f9e::2fac063f1e054be747f8e1187ecc6d89 | DataverseNL | 2021-01-01,"[{'fullName': 'Fraiture, PF', 'name': 'Pf', 'surname': 'Fraiture', 'rank': 1, 'pid': None}]"
datation d'un support de peinture,datation d'un support de peinture,r3730f562f9e::d59aa3ab9cfb2a3d21b051eaa08f9371 | DataverseNL | 2021-01-01,"[{'fullName': 'Fraiture, PF', 'name': 'Pf', 'surname': 'Fraiture', 'rank': 1, 'pid': None}]"
datation d'un support de peinture,datation d'un support de peinture,r3730f562f9e::4d91255f1d44faacb0a2df8a0862d4e1 | DataverseNL | 2021-01-01,"[{'fullName': 'Fraiture, PF', 'name': 'Pf', 'surname': 'Fraiture', 'rank': 1, 'pid': None}]"
datation d'un support de peinture,datation d'un support de peinture,r3730f562f9e::788ea2a03c3c8490ecb36aef5350b8fb | DataverseNL | 2021-01-01,"[{'fullName': 'Fraiture, PF', 'name': 'Pf', 'surname': 'Fraiture', 'rank': 1, 'pid': None}]"
datation d'un support de peinture,datation d'un support de peinture,r3730f562f9e::adfb1fffafe48ebea517d0db496ae4a9 | DataverseNL | 2021-01-01,"[{'fullName': 'Fraiture, PF', 'name': 'Pf', 'surname': 'Fraiture', 'rank': 1, 'pid': None}]"
datation d'un support de peinture,datation d'un support de peinture,r3730f562f9e::cc9a61ce136fb6a0ea4b8af4bbc9b2a2 | DataverseNL | 2021-01-01,"[{'fullName': 'Fraiture, PF', 'name': 'Pf', 'surname': 'Fraiture', 'rank': 1, 'pid': None}]"
datation d'un support de peinture,datation d'un support de peinture,r3730f562f9e::e787c1bafddc7886e7ce6ae794d12d13 | DataverseNL | 2021-01-01,"[{'fullName': 'Fraiture, PF', 'name': 'Pf', 'surname': 'Fraiture', 'rank': 1, 'pid': None}]"
datation d'un support de peinture,datation d'un support de peinture,r3730f562f9e::a532ff2ce2a032c52685c4bdf25c8ee4 | DataverseNL | 2021-01-01,"[{'fullName': 'Fraiture, PF', 'name': 'Pf', 'surname': 'Fraiture', 'rank': 1, 'pid': None}]"
datation d'un support de peinture,datation d'un support de peinture,r3730f562f9e::28e5f8e15cc55c0ae4f7b3c5e618a686 | DataverseNL | 2021-01-01,"[{'fullName': 'Fraiture, PF', 'name': 'Pf', 'surname': 'Fraiture', 'rank': 1, 'pid': None}]"
datation d'un support de peinture,datation d'un support de peinture,r3730f562f9e::2f561bd3a48e333695f0f221b6a282cb | DataverseNL | 2021-01-01,"[{'fullName': 'Fraiture, PF', 'name': 'Pf', 'surname': 'Fraiture', 'rank': 1, 'pid': None}]"
datation d'un support de peinture,datation d'un support de peinture,r3730f562f9e::f561ceace838887e94fedfad8e633612 | DataverseNL | 2021-01-01,"[{'fullName': 'Fraiture, PF', 'name': 'Pf', 'surname': 'Fraiture', 'rank': 1, 'pid': None}]"
datation d'un support de peinture,datation d'un support de peinture,r3730f562f9e::a8cf88382893f6ffc42cbb5e012ff356 | DataverseNL | 2021-01-01,"[{'fullName': 'Fraiture, PF', 'name': 'Pf', 'surname': 'Fraiture', 'rank': 1, 'pid': None}]"
datation d'un support de peinture,datation d'un support de peinture,r3730f562f9e::22903e10fa48b00378c1ed77233d6872 | DataverseNL | 2021-01-01,"[{'fullName': 'Fraiture, PF', 'name': 'Pf', 'surname': 'Fraiture', 'rank': 1, 'pid': None}]"
datation d'un support de peinture,datation d'un support de peinture,r3730f562f9e::927abcd2ed84dab6b490246f112541ea | DataverseNL | 2021-01-01,"[{'fullName': 'Fraiture, PF', 'name': 'Pf', 'surname': 'Fraiture', 'rank': 1, 'pid': None}]"
datation d'un support de peinture,datation d'un support de peinture,r3730f562f9e::66145a3eee38fb498268ddb92ea5364b | DataverseNL | 2021-01-01,"[{'fullName': 'Fraiture, PF', 'name': 'Pf', 'surname': 'Fraiture', 'rank': 1, 'pid': None}]"
datation d'un support de peinture,datation d'un support de peinture,r3730f562f9e::3361328758cbd90e508e95c1711c5039 | DataverseNL | 2021-01-01,"[{'fullName': 'Fraiture, PF', 'name': 'Pf', 'surname': 'Fraiture', 'rank': 1, 'pid': None}]"
datation d'un support de peinture,datation d'un support de peinture,r3730f562f9e::4a9e417195e47ae600a96eadc93e7dda | DataverseNL | 2021-01-01,"[{'fullName': 'Fraiture, PF', 'name': 'Pf', 'surname': 'Fraiture', 'rank': 1, 'pid': None}]"
datation d'un support de peinture,datation d'un support de peinture,r3730f562f9e::c4a4b47fe0f64dbf72368e25ddc624d6 | DataverseNL | 2021-01-01,"[{'fullName': 'Fraiture, PF', 'name': 'Pf', 'surname': 'Fraiture', 'rank': 1, 'pid': None}]"
datation d'un support de peinture,datation d'un support de peinture,r3730f562f9e::d4532d75f0c9d61014a9fa1e73d95298 | DataverseNL | 2021-01-01,"[{'fullName': 'Fraiture, PF', 'name': 'Pf', 'surname': 'Fraiture', 'rank': 1, 'pid': None}]"
datation d'un support de peinture,datation d'un support de peinture,r3730f562f9e::569766ec36b4db70838b239a81a9cf8a | DataverseNL | 2021-01-01,"[{'fullName': 'Fraiture, PF', 'name': 'Pf', 'surname': 'Fraiture', 'rank': 1, 'pid': None}]"
datation d'un support de peinture,datation d'un support de peinture,r3730f562f9e::9568b2d403205b692063aa73401f307d | DataverseNL | 2021-01-01,"[{'fullName': 'Fraiture, PF', 'name': 'Pf', 'surname': 'Fraiture', 'rank': 1, 'pid': None}]"
datation d'un support de peinture,datation d'un support de peinture,r3730f562f9e::40b7286cb158161dd9921db6bf8696e4 | DataverseNL | 2021-01-01,"[{'fullName': 'Fraiture, PF', 'name': 'Pf', 'surname': 'Fraiture', 'rank': 1, 'pid': None}]"
datation d'un support de peinture,datation d'un support de peinture,r3730f562f9e::b1a306059e0488ff8b04f1cb625061aa | DataverseNL | 2021-01-01,"[{'fullName': 'Fraiture, PF', 'name': 'Pf', 'surname': 'Fraiture', 'rank': 1, 'pid': None}]"
datation d'un support de peinture,datation d'un support de peinture,r3730f562f9e::107cfd917852727631db5fbe0d7f5b69 | DataverseNL | 2021-01-01,"[{'fullName': 'Fraiture, PF', 'name': 'Pf', 'surname': 'Fraiture', 'rank': 1, 'pid': None}]"
datation d'un support de peinture,datation d'un support de peinture,r3730f562f9e::b4b1c844a6921b2b6cd13bb2f2407d9c | DataverseNL | 2021-01-01,"[{'fullName': 'Fraiture, PF', 'name': 'Pf', 'surname': 'Fraiture', 'rank': 1, 'pid': None}]"
datation d'un support de peinture,datation d'un support de peinture,r3730f562f9e::99469bc183a10c2c413ebd9087196ad7 | DataverseNL | 2021-01-01,"[{'fullName': 'Fraiture, PF', 'name': 'Pf', 'surname': 'Fraiture', 'rank': 1, 'pid': None}]"
datation d'un support de peinture,datation d'un support de peinture,r3730f562f9e::2a49c532adeff91029a0341586fc4105 | DataverseNL | 2021-01-01,"[{'fullName': 'Fraiture, PF', 'name': 'Pf', 'surname': 'Fraiture', 'rank': 1, 'pid': None}]"
datation d'un support de peinture,datation d'un support de peinture,r3730f562f9e::01a34d8dbf3b64d4efcf446d704dc9b9 | DataverseNL | 2021-01-01,"[{'fullName': 'Fraiture, PF', 'name': 'Pf', 'surname': 'Fraiture', 'rank': 1, 'pid': None}]"
datation d'un support de peinture,datation d'un support de peinture,r3730f562f9e::28d69fbe5d80d319608630b32b4e426e | DataverseNL | 2021-01-01,"[{'fullName': 'Fraiture, PF', 'name': 'Pf', 'surname': 'Fraiture', 'rank': 1, 'pid': None}]"
datation d'un support de peinture,datation d'un support de peinture,doi_________::465b3b98c2ab7d2e523822f614193e4b | DataverseNL | 2021-01-01,"[{'fullName': 'Fraiture, PF', 'name': 'PF', 'surname': 'Fraiture', 'rank': 1, 'pid': None}]"
datation d'un support de peinture,datation d'un support de peinture,r3730f562f9e::172849ef90201f720f7a1b04f0aa8982 | DataverseNL | 2021-01-01,"[{'fullName': 'Fraiture, PF', 'name': 'Pf', 'surname': 'Fraiture', 'rank': 1, 'pid': None}]"
datation d'un support de peinture,datation d'un support de peinture,r3730f562f9e::c5e6f8331feadd67bb97e31a6571bfb1 | DataverseNL | 2021-01-01,"[{'fullName': 'Fraiture, PF', 'name': 'Pf', 'surname': 'Fraiture', 'rank': 1, 'pid': None}]"
datation d'un support de peinture,datation d'un support de peinture,r3730f562f9e::9cd0507c021d387054fce05db99bfce8 | DataverseNL | 2021-01-01,"[{'fullName': 'Fraiture, PF', 'name': 'Pf', 'surname': 'Fraiture', 'rank': 1, 'pid': None}]"
datation d'un support de peinture,datation d'un support de peinture,r3730f562f9e::96d5e33df8aac9491e167cd9999ae069 | DataverseNL | 2021-01-01,"[{'fullName': 'Fraiture, PF', 'name': 'Pf', 'surname': 'Fraiture', 'rank': 1, 'pid': None}]"
datation d'un support de peinture,datation d'un support de peinture,r3730f562f9e::913262f07a47b764819010cc666232a8 | DataverseNL | 2021-01-01,"[{'fullName': 'Fraiture, PF', 'name': 'Pf', 'surname': 'Fraiture', 'rank': 1, 'pid': None}]"
datation d'un support de peinture,datation d'un support de peinture,r3730f562f9e::a96b218d9eba55d7c2c84731d673ecdb | DataverseNL | 2021-01-01,"[{'fullName': 'Fraiture, PF', 'name': 'Pf', 'surname': 'Fraiture', 'rank': 1, 'pid': None}]"
datation d'un support de peinture,datation d'un support de peinture,r3730f562f9e::51cf7f9cf2b5bd052dccb399e7d73f88 | DataverseNL | 2021-01-01,"[{'fullName': 'Fraiture, PF', 'name': 'Pf', 'surname': 'Fraiture', 'rank': 1, 'pid': None}]"
datation d'un support de peinture,datation d'un support de peinture,r3730f562f9e::e2996633b56f8a571e8872bcd435c18c | DataverseNL | 2021-01-01,"[{'fullName': 'Fraiture, PF', 'name': 'Pf', 'surname': 'Fraiture', 'rank': 1, 'pid': None}]"
datation d'un support de peinture,datation d'un support de peinture,doi_________::57e444a9754827682fb34c416b69ebb5 | DataverseNL | 2021-01-01,"[{'fullName': 'Fraiture, PF', 'name': 'PF', 'surname': 'Fraiture', 'rank': 1, 'pid': None}]"
datation d'un support de peinture,datation d'un support de peinture,r3730f562f9e::db7f216f20b5e88858a875787e1dc27e | DataverseNL | 2021-01-01,"[{'fullName': 'Fraiture, PF', 'name': 'Pf', 'surname': 'Fraiture', 'rank': 1, 'pid': None}]"
datation d'un support de peinture,datation d'un support de peinture,r3730f562f9e::1edc2bcbbe9c8012d3362bc947086a82 | DataverseNL | 2021-01-01,"[{'fullName': 'Fraiture, PF', 'name': 'Pf', 'surname': 'Fraiture', 'rank': 1, 'pid': None}]"
datation d'un support de peinture,datation d'un support de peinture,doi_________::255d5d00e2bbbb146767e6346021dacd | DataverseNL | 2021-01-01,"[{'fullName': 'Fraiture, PF', 'name': 'PF', 'surname': 'Fraiture', 'rank': 1, 'pid': None}]"
datation d'un support de peinture,datation d'un support de peinture,r3730f562f9e::9ac7ebbf294e76c312e00e6f6cf911bb | DataverseNL | 2021-01-01,"[{'fullName': 'Fraiture, PF', 'name': 'Pf', 'surname': 'Fraiture', 'rank': 1, 'pid': None}]"
datation d'un support de peinture,datation d'un support de peinture,doi_________::3b9a960b031e58ede04baa55b32b414e | DataverseNL | 2021-01-01,"[{'fullName': 'Fraiture, PF', 'name': 'PF', 'surname': 'Fraiture', 'rank': 1, 'pid': None}]"
datation d'un support de peinture,datation d'un support de peinture,r3730f562f9e::757c9325fda6bc379d93dca359ff7567 | DataverseNL | 2021-01-01,"[{'fullName': 'Fraiture, PF', 'name': 'Pf', 'surname': 'Fraiture', 'rank': 1, 'pid': None}]"
datation d'un support de peinture,datation d'un support de peinture,r3730f562f9e::1caa533273309f952cea298f6788e259 | DataverseNL | 2021-01-01,"[{'fullName': 'Fraiture, PF', 'name': 'Pf', 'surname': 'Fraiture', 'rank': 1, 'pid': None}]"
datation d'un support de peinture,datation d'un support de peinture,r3730f562f9e::1c617f7e12fabd40b1ca03d2d6f59f03 | DataverseNL | 2021-01-01,"[{'fullName': 'Fraiture, PF', 'name': 'Pf', 'surname': 'Fraiture', 'rank': 1, 'pid': None}]"
datation d'un support de peinture,datation d'un support de peinture,r3730f562f9e::fa35fc112c723087e042e6a04c2baa08 | DataverseNL | 2021-01-01,"[{'fullName': 'Fraiture, PF', 'name': 'Pf', 'surname': 'Fraiture', 'rank': 1, 'pid': None}]"
datation d'un support de peinture,datation d'un support de peinture,r3730f562f9e::9c405a4ba61e0b08db52967a5a874a33 | DataverseNL | 2021-01-01,"[{'fullName': 'Fraiture, PF', 'name': 'Pf', 'surname': 'Fraiture', 'rank': 1, 'pid': None}]"
datation d'un support de peinture,datation d'un support de peinture,r3730f562f9e::2e41cb36e6aa339189bde20139fc9c66 | DataverseNL | 2021-01-01,"[{'fullName': 'Fraiture, PF', 'name': 'Pf', 'surname': 'Fraiture', 'rank': 1, 'pid': None}]"
datation d'un support de peinture,datation d'un support de peinture,r3730f562f9e::d856202abac6011a987c936228fa88b2 | DataverseNL | 2021-01-01,"[{'fullName': 'Fraiture, PF', 'name': 'Pf', 'surname': 'Fraiture', 'rank': 1, 'pid': None}]"
datation d'un support de peinture,datation d'un support de peinture,r3730f562f9e::4e63e7f6d035149a3517a15620f94d8d | DataverseNL | 2021-01-01,"[{'fullName': 'Fraiture, PF', 'name': 'Pf', 'surname': 'Fraiture', 'rank': 1, 'pid': None}]"
datation d'un support de peinture,datation d'un support de peinture,r3730f562f9e::2f27723794cc339e67c78ebcdea312c8 | DataverseNL | 2021-01-01,"[{'fullName': 'Fraiture, PF', 'name': 'Pf', 'surname': 'Fraiture', 'rank': 1, 'pid': None}]"
datation d'un support de peinture,datation d'un support de peinture,r3730f562f9e::7ab6727d983b0b59603255fe644ff320 | DataverseNL | 2021-01-01,"[{'fullName': 'Fraiture, PF', 'name': 'Pf', 'surname': 'Fraiture', 'rank': 1, 'pid': None}]"
datation d'un support de peinture,datation d'un support de peinture,r3730f562f9e::58f3033fa5bb73c1df396e78b7746b25 | DataverseNL | 2021-01-01,"[{'fullName': 'Fraiture, PF', 'name': 'Pf', 'surname': 'Fraiture', 'rank': 1, 'pid': None}]"
datation d'un support de peinture,datation d'un support de peinture,r3730f562f9e::0b99ba9266e67f5d0230c9f3e6186ac6 | DataverseNL | 2021-01-01,"[{'fullName': 'Fraiture, PF', 'name': 'Pf', 'surname': 'Fraiture', 'rank': 1, 'pid': None}]"
datation d'un support de peinture,datation d'un support de peinture,r3730f562f9e::8a24d7d7bcdb9ef95facc692400b837e | DataverseNL | 2021-01-01,"[{'fullName': 'Fraiture, PF', 'name': 'Pf', 'surname': 'Fraiture', 'rank': 1, 'pid': None}]"
datation d'un support de peinture,datation d'un support de peinture,r3730f562f9e::96b5dc143187fed0390433b3e363a166 | DataverseNL | 2021-01-01,"[{'fullName': 'Fraiture, PF', 'name': 'Pf', 'surname': 'Fraiture', 'rank': 1, 'pid': None}]"
datation d'un support de peinture,datation d'un support de peinture,r3730f562f9e::6c60dabae6ffbd51d679726ff8536fd7 | DataverseNL | 2021-01-01,"[{'fullName': 'Fraiture, PF', 'name': 'Pf', 'surname': 'Fraiture', 'rank': 1, 'pid': None}]"
datation d'un support de peinture,datation d'un support de peinture,r3730f562f9e::bddc4d98fcb1a1be10742da766213532 | DataverseNL | 2021-01-01,"[{'fullName': 'Fraiture, PF', 'name': 'Pf', 'surname': 'Fraiture', 'rank': 1, 'pid': None}]"
datation d'un support de peinture,datation d'un support de peinture,r3730f562f9e::ba254e905a5e83d9e2c8d269a6d45d50 | DataverseNL | 2021-01-01,"[{'fullName': 'Fraiture, PF', 'name': 'Pf', 'surname': 'Fraiture', 'rank': 1, 'pid': None}]"
datation d'un support de peinture,datation d'un support de peinture,r3730f562f9e::d6ce046e287e8b8697d7f4cd86aa30b8 | DataverseNL | 2021-01-01,"[{'fullName': 'Fraiture, PF', 'name': 'Pf', 'surname': 'Fraiture', 'rank': 1, 'pid': None}]"
datation d'un support de peinture,datation d'un support de peinture,doi_________::2897a59f1f78ec76af70c6cc440b809e | DataverseNL | 2021-01-01,"[{'fullName': 'Fraiture, PF', 'name': 'PF', 'surname': 'Fraiture', 'rank': 1, 'pid': None}]"
datation d'un support de peinture,datation d'un support de peinture,r3730f562f9e::30181f4672fbd7789f2727518af8cc71 | DataverseNL | 2021-01-01,"[{'fullName': 'Fraiture, PF', 'name': 'Pf', 'surname': 'Fraiture', 'rank': 1, 'pid': None}]"
datation d'un support de peinture,datation d'un support de peinture,r3730f562f9e::94bf430919587e15eebe56e9afc19618 | DataverseNL | 2021-01-01,"[{'fullName': 'Fraiture, PF', 'name': 'Pf', 'surname': 'Fraiture', 'rank': 1, 'pid': None}]"
datation d'un support de peinture,datation d'un support de peinture,r3730f562f9e::cb15ed2dbcd58308bc660181063e4aa7 | DataverseNL | 2021-01-01,"[{'fullName': 'Fraiture, PF', 'name': 'Pf', 'surname': 'Fraiture', 'rank': 1, 'pid': None}]"
datation d'un support de peinture,datation d'un support de peinture,r3730f562f9e::a3813d55e6b71e3bf7c8b370a4dce971 | DataverseNL | 2021-01-01,"[{'fullName': 'Fraiture, PF', 'name': 'Pf', 'surname': 'Fraiture', 'rank': 1, 'pid': None}]"
datation d'un support de peinture,datation d'un support de peinture,r3730f562f9e::144315b7c75c53aae50a14b2d8ed5a35 | DataverseNL | 2021-01-01,"[{'fullName': 'Fraiture, PF', 'name': 'Pf', 'surname': 'Fraiture', 'rank': 1, 'pid': None}]"
datation d'un support de peinture,datation d'un support de peinture,r3730f562f9e::48ae83feefc31141cca064bafe7a0ed0 | DataverseNL | 2021-01-01,"[{'fullName': 'Fraiture, PF', 'name': 'Pf', 'surname': 'Fraiture', 'rank': 1, 'pid': None}]"
datation d'un support de peinture,datation d'un support de peinture,r3730f562f9e::e4cedd0115524f2130bc78a9375f61b3 | DataverseNL | 2021-01-01,"[{'fullName': 'Fraiture, PF', 'name': 'Pf', 'surname': 'Fraiture', 'rank': 1, 'pid': None}]"
datation d'un support de peinture,datation d'un support de peinture,r3730f562f9e::3616d189e6cd189b65d0c40a6255497a | DataverseNL | 2021-01-01,"[{'fullName': 'Fraiture, PF', 'name': 'Pf', 'surname': 'Fraiture', 'rank': 1, 'pid': None}]"
datation d'un support de peinture,datation d'un support de peinture,r3730f562f9e::7af382890feb1ed5018f8b22d0d0ab50 | DataverseNL | 2021-01-01,"[{'fullName': 'Fraiture, PF', 'name': 'Pf', 'surname': 'Fraiture', 'rank': 1, 'pid': None}]"
datation d'un support de peinture,datation d'un support de peinture,r3730f562f9e::47b1d966ad614b51575192e5bf076d4b | DataverseNL | 2021-01-01,"[{'fullName': 'Fraiture, PF', 'name': 'Pf', 'surname': 'Fraiture', 'rank': 1, 'pid': None}]"
datation d'un support de peinture,datation d'un support de peinture,r3730f562f9e::29a0487bb74d3a06fc95e8874b3f949c | DataverseNL | 2021-01-01,"[{'fullName': 'Fraiture, PF', 'name': 'Pf', 'surname': 'Fraiture', 'rank': 1, 'pid': None}]"
datation d'un support de peinture,datation d'un support de peinture,r3730f562f9e::7ff416ce9a057cc9d1d1dfd0b84aefa2 | DataverseNL | 2021-01-01,"[{'fullName': 'Fraiture, PF', 'name': 'Pf', 'surname': 'Fraiture', 'rank': 1, 'pid': None}]"
datation d'un support de peinture,datation d'un support de peinture,r3730f562f9e::97a1c5cdc268abb6935b87f44a89e01c | DataverseNL | 2021-01-01,"[{'fullName': 'Fraiture, PF', 'name': 'Pf', 'surname': 'Fraiture', 'rank': 1, 'pid': None}]"
datation d'un support de peinture,datation d'un support de peinture,r3730f562f9e::6537f9c30cdbc4274e64bf3ec1a58d43 | DataverseNL | 2021-01-01,"[{'fullName': 'Fraiture, PF', 'name': 'Pf', 'surname': 'Fraiture', 'rank': 1, 'pid': None}]"
datation d'un support de peinture,datation d'un support de peinture,r3730f562f9e::72c6a0c8bbad69070d87a710eddb0dc5 | DataverseNL | 2021-01-01,"[{'fullName': 'Fraiture, PF', 'name': 'Pf', 'surname': 'Fraiture', 'rank': 1, 'pid': None}]"
datation d'un support de peinture,datation d'un support de peinture,r3730f562f9e::a24a5d888b108a09fd9c1b5b0c4e3cc1 | DataverseNL | 2021-01-01,"[{'fullName': 'Fraiture, PF', 'name': 'Pf', 'surname': 'Fraiture', 'rank': 1, 'pid': None}]"
datation d'un support de peinture,datation d'un support de peinture,r3730f562f9e::a49bf3b1ff7bb37685fe337c8d8dd4af | DataverseNL | 2021-01-01,"[{'fullName': 'Fraiture, PF', 'name': 'Pf', 'surname': 'Fraiture', 'rank': 1, 'pid': None}]"
datation d'un support de peinture,datation d'un support de peinture,r3730f562f9e::383a0d9d69ae5b05ddd773e54b890b87 | DataverseNL | 2021-01-01,"[{'fullName': 'Fraiture, PF', 'name': 'Pf', 'surname': 'Fraiture', 'rank': 1, 'pid': None}]"
datation d'un support de peinture,datation d'un support de peinture,r3730f562f9e::ccd1ef1f359247b4f80571ba015c4206 | DataverseNL | 2021-01-01,"[{'fullName': 'Fraiture, PF', 'name': 'Pf', 'surname': 'Fraiture', 'rank': 1, 'pid': None}]"
,,,
replication data for chapter 5,Replication Data for Chapter 5,doi_dedup___::e1c0a7f95a0c8ff708ae65dbd6bf38fd | DataverseNL | 2024-01-01,"[{'fullName': 'Rthlisberger, Claudia', 'name': 'Claudia', 'surname': 'Rothlisberger', 'rank': 1, 'pid': {'id': {'scheme': 'orcid_pending', 'value': '0000-0001-9441-8202'}, 'provenance': None}}]"
replication data for chapter 5,Replication Data for Chapter 5,doi_dedup___::c1982f80bb4df3cdaee9f9b07f710a74 | DataverseNL | 2023-01-01,"[{'fullName': 'Sumption, Madeleine', 'name': 'Madeleine', 'surname': 'Sumption', 'rank': 1, 'pid': {'id': {'scheme': 'orcid_pending', 'value': '0000-0003-4107-9053'}, 'provenance': None}}]"
replication data for chapter 5,Replication Data for Chapter 5,doi_dedup___::7caa625b46703cdc60475680b479c8a9 | DataverseNL | 2023-01-01,"[{'fullName': 'De Salvo, Carmine Paolo', 'name': 'Carmine Paolo', 'surname': 'Salvo', 'rank': 1, 'pid': None}]"
replication data for chapter 5,Replication Data for Chapter 5,doi_dedup___::5db3c3b5183703960ee917ad045847b2 | DataverseNL | 2022-01-01,"[{'fullName': 'Nsanzumuhire, Silas', 'name': 'Silas', 'surname': 'Nsanzumuhire', 'rank': 1, 'pid': {'id': {'scheme': 'orcid_pending', 'value': '0000-0001-7120-843x'}, 'provenance': None}}]"
replication data for chapter 5,Replication Data for Chapter 5,doi_dedup___::6905a4ce40347d7194b24819fc2a557a | DataverseNL | 2022-01-01,"[{'fullName': 'Sirtori, Emanuela', 'name': 'Emanuela', 'surname': 'Sirtori', 'rank': 1, 'pid': {'id': {'scheme': 'orcid_pending', 'value': '0000-0002-9318-3453'}, 'provenance': None}}]"
replication data for chapter 5,Replication Data for Chapter 5,doi_dedup___::354934de8c0a12ee98a61885aed3e88a | DataverseNL | 2023-01-01,"[{'fullName': 'Soares Martins Neto, Antonio', 'name': 'Antonio', 'surname': 'Soares Martins Neto', 'rank': 1, 'pid': None}]"
,,,
replication data for chapter 3,Replication Data for Chapter 3,doi_dedup___::b2cb2a4a09468b7fb93a8880953e1731 | DataverseNL | 2022-01-01,"[{'fullName': 'Nsanzumuhire, Silas', 'name': 'Silas', 'surname': 'Nsanzumuhire', 'rank': 1, 'pid': {'id': {'scheme': 'orcid_pending', 'value': '0000-0001-7120-843x'}, 'provenance': None}}]"
replication data for chapter 3,Replication Data for Chapter 3,doi_dedup___::927c25a0602801b2d2d1f27bbd3e5c2a | DataverseNL | 2022-01-01,"[{'fullName': 'Osei Kwadwo, Victor', 'name': 'Victor', 'surname': 'Osei Kwadwo', 'rank': 1, 'pid': {'id': {'scheme': 'orcid_pending', 'value': '0000-0001-7924-868x'}, 'provenance': None}}]"
replication data for chapter 3,Replication Data for Chapter 3,doi_dedup___::d6faac43ab321db43a260f080e9008f2 | DataverseNL | 2024-01-01,"[{'fullName': 'Rthlisberger, Claudia', 'name': 'Claudia', 'surname': 'Rothlisberger', 'rank': 1, 'pid': {'id': {'scheme': 'orcid_pending', 'value': '0000-0001-9441-8202'}, 'provenance': None}}]"
replication data for chapter 3,Replication Data for Chapter 3,doi_dedup___::267282a339070954fc72676875294979 | DataverseNL | 2023-01-01,"[{'fullName': 'Soares Martins Neto, Antonio', 'name': 'Antonio', 'surname': 'Soares Martins Neto', 'rank': 1, 'pid': None}]"
replication data for chapter 3,Replication Data for Chapter 3,doi_dedup___::3d4c3e9776509955b25057025613d9a0 | DataverseNL | 2023-01-01,"[{'fullName': 'De Salvo, Carmine Paolo', 'name': 'Carmine Paolo', 'surname': 'Salvo', 'rank': 1, 'pid': None}]"
,,,
replication data for chapter 2,Replication Data for Chapter 2,doi_dedup___::76a973234307136a3be7e5a20022b506 | DataverseNL | 2022-01-01,"[{'fullName': 'Osei Kwadwo, Victor', 'name': 'Victor', 'surname': 'Osei Kwadwo', 'rank': 1, 'pid': {'id': {'scheme': 'orcid_pending', 'value': '0000-0001-7924-868x'}, 'provenance': None}}]"
replication data for chapter 2,Replication Data for Chapter 2,doi_dedup___::ba0246180269786d0e9a5d3a14462000 | DataverseNL | 2023-01-01,"[{'fullName': 'De Salvo, Carmine Paolo', 'name': 'Carmine Paolo', 'surname': 'Salvo', 'rank': 1, 'pid': None}]"
replication data for chapter 2,Replication Data for Chapter 2,doi_dedup___::93562b59762eb8cd4887f943e3052a18 | DataverseNL | 2023-01-01,"[{'fullName': 'Collazos, Maria Antonieta', 'name': 'Maria Antonieta', 'surname': 'Collazos', 'rank': 1, 'pid': None}]"
,,,
replication data for: chapter 3,Replication Data for: Chapter 3,doi_dedup___::2324831105756b2e2864423ffbc07cf8 | DataverseNL | 2022-01-01,"[{'fullName': 'Rubiconto, Francesca', 'name': 'Francesca', 'surname': 'Rubiconto', 'rank': 1, 'pid': {'id': {'scheme': 'orcid_pending', 'value': '0000-0001-7684-5040'}, 'provenance': None}}]"
replication data for: chapter 3,Replication Data for: Chapter 3,doi_dedup___::9ec49ea063aafcdca71e5579f21c5d49 | DataverseNL | 2024-01-01,"[{'fullName': 'Nii-Aponsah, Hubert', 'name': 'Hubert', 'surname': 'Nii-Aponsah', 'rank': 1, 'pid': None}]"
replication data for: chapter 3,Replication Data for: Chapter 3,doi_dedup___::e68a2a700cf33c6fead1d3acbe78842c | DataverseNL | 2024-01-01,"[{'fullName': 'Morel, Ricardo', 'name': 'Ricardo', 'surname': 'Morel', 'rank': 1, 'pid': {'id': {'scheme': 'orcid_pending', 'value': '0000-0002-9297-021x'}, 'provenance': None}}]"
,,,
replication data for chapter 4,Replication Data for Chapter 4,doi_dedup___::6fdccd06f788fd1ca0747747da253219 | DataverseNL | 2024-01-01,"[{'fullName': 'Rthlisberger, Claudia', 'name': 'Claudia', 'surname': 'Rothlisberger', 'rank': 1, 'pid': {'id': {'scheme': 'orcid_pending', 'value': '0000-0001-9441-8202'}, 'provenance': None}}]"
replication data for chapter 4,Replication Data for Chapter 4,doi_dedup___::ca78e451a5b5694b77555983988c3638 | DataverseNL | 2023-01-01,"[{'fullName': 'Soares Martins Neto, Antonio', 'name': 'Antonio', 'surname': 'Soares Martins Neto', 'rank': 1, 'pid': None}]"
replication data for chapter 4,Replication Data for Chapter 4,doi_dedup___::a8dfbd144cba2a573bd7877675242784 | DataverseNL | 2023-01-01,"[{'fullName': 'De Salvo, Carmine Paolo', 'name': 'Carmine Paolo', 'surname': 'Salvo', 'rank': 1, 'pid': None}]"
,,,
replication data for: chapter 2,Replication Data for: Chapter 2,doi_dedup___::c7e48e73d89e774e275613aab15f29d0 | DataverseNL | 2024-01-01,"[{'fullName': 'Nii-Aponsah, Hubert', 'name': 'Hubert', 'surname': 'Nii-Aponsah', 'rank': 1, 'pid': None}]"
replication data for: chapter 2,Replication Data for: Chapter 2,doi_dedup___::4fd5e9228afd8ff1eb2581919264ebba | DataverseNL | 2024-01-01,"[{'fullName': 'Morel, Ricardo', 'name': 'Ricardo', 'surname': 'Morel', 'rank': 1, 'pid': {'id': {'scheme': 'orcid_pending', 'value': '0000-0002-9297-021x'}, 'provenance': None}}]"
,,,
officegraph,OfficeGraph,doi_dedup___::4a735dd722a172b22141f2f929abec7c | Zenodo | 2023-12-01,"[{'fullName': 'van der Weerdt, Roderick', 'name': 'Roderick', 'surname': 'van der Weerdt', 'rank': 1, 'pid': {'id': {'scheme': 'orcid_pending', 'value': '0000-0002-1125-1126'}, 'provenance': None}}, {'fullName': 'de Boer, Victor', 'name': 'Victor', 'surname': 'de Boer', 'rank': 2, 'pid': {'id': {'scheme': 'orcid_pending', 'value': '0000-0001-9079-039x'}, 'provenance': None}}, {'fullName': 'Siebes, Ronald', 'name': 'Ronald', 'surname': 'Siebes', 'rank': 3, 'pid': {'id': {'scheme': 'orcid_pending', 'value': '0000-0001-8772-7904'}, 'provenance': None}}, {'fullName': 'Groenewold, Ronnie', 'name': 'Ronnie', 'surname': 'Groenewold', 'rank': 4, 'pid': None}, {'fullName': 'van Harmelen, Frank', 'name': 'Frank', 'surname': 'van Harmelen', 'rank': 5, 'pid': {'id': {'scheme': 'orcid_pending', 'value': '0000-0002-7913-0048'}, 'provenance': None}}, {'fullName': 'VolkerWessels', 'name': None, 'surname': None, 'rank': 6, 'pid': None}]"
officegraph,OfficeGraph,doi_dedup___::8bc229ddb6a60da4ee448828340f4513 | Zenodo | 2023-12-01,"[{'fullName': 'van der Weerdt, Roderick', 'name': 'Roderick', 'surname': 'van der Weerdt', 'rank': 1, 'pid': {'id': {'scheme': 'orcid_pending', 'value': '0000-0002-1125-1126'}, 'provenance': None}}, {'fullName': 'VolkerWessels', 'name': None, 'surname': None, 'rank': 2, 'pid': None}]"
,,,
example data and python script,Example data and Python script,doi_________::f6becc833d62d65d28b36374183ff3f1 | Vrije Universiteit Amsterdam | 2024-01-01,
example data and python script,Example data and Python script,doi_________::5f2462d4d3cfff55f856a9e2c5a0bc1b | Vrije Universiteit Amsterdam | 2024-01-01,
,,,
lc-uv chromatograms,LC-UV Chromatograms,doi_dedup___::0716410642bf58cfa4b1c2e4cfdeb9ed | figshare | 2022-01-01,"[{'fullName': 'Arrahman, Arif', 'name': 'Arif', 'surname': 'Arrahman', 'rank': 1, 'pid': None}, {'fullName': 'Kool, Jeroen', 'name': 'Jeroen', 'surname': 'Kool', 'rank': 2, 'pid': None}, {'fullName': 'R. Casewell, Nicholas', 'name': 'Nicholas', 'surname': 'R. Casewell', 'rank': 3, 'pid': None}, {'fullName': 'Kazandjian, Taline D.', 'name': 'Taline D.', 'surname': 'Kazandjian', 'rank': 4, 'pid': None}, {'fullName': 'Vonk, Freek J.', 'name': 'Freek J.', 'surname': 'Vonk', 'rank': 5, 'pid': None}, {'fullName': 'Still, Kristina B. M.', 'name': 'Kristina B. M.', 'surname': 'Still', 'rank': 6, 'pid': None}, {'fullName': 'Slagboom, Julien', 'name': 'Julien', 'surname': 'Slagboom', 'rank': 7, 'pid': None}, {'fullName': 'Somsen, Govert W.', 'name': 'Govert W.', 'surname': 'Somsen', 'rank': 8, 'pid': None}]"
lc-uv chromatograms,LC-UV Chromatograms,doi_dedup___::f1d98c5f232aab29f02b0f5e6fbf1581 | figshare | 2022-01-01,"[{'fullName': 'Arrahman, Arif', 'name': 'Arif', 'surname': 'Arrahman', 'rank': 1, 'pid': None}, {'fullName': 'Kool, Jeroen', 'name': 'Jeroen', 'surname': 'Kool', 'rank': 2, 'pid': None}, {'fullName': 'R. Casewell, Nicholas', 'name': 'Nicholas', 'surname': 'R. Casewell', 'rank': 3, 'pid': None}, {'fullName': 'Kazandjian, Taline D.', 'name': 'Taline D.', 'surname': 'Kazandjian', 'rank': 4, 'pid': None}, {'fullName': 'Vonk, Freek J.', 'name': 'Freek J.', 'surname': 'Vonk', 'rank': 5, 'pid': None}, {'fullName': 'Still, Kristina B. M.', 'name': 'Kristina B. M.', 'surname': 'Still', 'rank': 6, 'pid': None}, {'fullName': 'Slagboom, Julien', 'name': 'Julien', 'surname': 'Slagboom', 'rank': 7, 'pid': None}, {'fullName': 'Somsen, Govert W.', 'name': 'Govert W.', 'surname': 'Somsen', 'rank': 8, 'pid': None}, {'fullName': 'Wilkinson, Mark C.', 'name': 'Mark C.', 'surname': 'Wilkinson', 'rank': 9, 'pid': None}]"
,,,
ok <> jkull memorial shirt,Ok <> jkull Memorial Shirt,r3730f562f9e::066243eeb018a1de022bf7bc7fba5350 | DataverseNL | 2024-01-01,"[{'fullName': 'schfer, sfn', 'name': 'Sefn', 'surname': 'Schafer', 'rank': 1, 'pid': None}]"
ok <> jkull memorial shirt,Ok <> jkull Memorial Shirt,dedup_wf_002::2f426099482bec13d1ad505c771efc69 | DataverseNL | 2023-01-01,"[{'fullName': 'Schfer, Stefan', 'name': 'Stefan', 'surname': 'Schafer', 'rank': 1, 'pid': None}]"
,,,
voorwoord,Voorwoord,r3730f562f9e::41077d91c38bca89bf1af59f97f24ea7 | DataverseNL | 2024-01-01,"[{'fullName': 'Vlist, R. van der', 'name': 'R.', 'surname': 'Vlist', 'rank': 1, 'pid': None}, {'fullName': 'Allegro, J.T.', 'name': 'J. T.', 'surname': 'Allegro', 'rank': 2, 'pid': None}]"
voorwoord,Voorwoord,r3730f562f9e::9feb22480e9777a06923b25bebaeab00 | DataverseNL | 2024-01-01,"[{'fullName': 'Beinum, H.J.J. van', 'name': 'H. J. J.', 'surname': 'Beinum', 'rank': 1, 'pid': None}]"
,,,
short and longrun macroeconomic impacts of the 2010 iranian energy subsidy reform,Short and longrun macroeconomic impacts of the 2010 Iranian energy subsidy reform,doi_dedup___::e5fb256cad54aa7a42c6b887ba834394 | DataverseNL | 2024-11-18,"[{'fullName': 'Zarepour, Zahra', 'name': 'Zahra', 'surname': 'Zarepour', 'rank': 1, 'pid': None}]"
short and longrun macroeconomic impacts of the 2010 iranian energy subsidy reform,Short and longrun macroeconomic impacts of the 2010 Iranian energy subsidy reform,doi_________::10a64c749a94994410363c2d51f055a8 | DataverseNL | 2024-11-18,"[{'fullName': 'Zarepour, Farzane', 'name': 'Farzane', 'surname': 'Zarepour', 'rank': 1, 'pid': None}]"
,,,
"a double-blind, placebo-controlled, randomized trial of pxt3003 for the treatment of charcotmarietooth type 1a","A double-blind, placebo-controlled, randomized trial of PXT3003 for the treatment of CharcotMarieTooth type 1A",doi_________::64ff3d2acf6e0a39f658e1d1500f3bfb | figshare | 2021-01-01,"[{'fullName': 'Attarian, Shahram', 'name': 'Shahram', 'surname': 'Attarian', 'rank': 1, 'pid': {'id': {'scheme': 'orcid_pending', 'value': '0000-0002-7211-4694'}, 'provenance': None}}, {'fullName': 'Young, Peter', 'name': 'Peter', 'surname': 'Young', 'rank': 2, 'pid': None}, {'fullName': 'Brannagan, Thomas H.', 'name': 'Thomas H.', 'surname': 'Brannagan', 'rank': 3, 'pid': None}, {'fullName': 'Adams, David', 'name': 'David', 'surname': 'Adams', 'rank': 4, 'pid': None}, {'fullName': 'Van Damme, Philip', 'name': 'Philip', 'surname': 'Van Damme', 'rank': 5, 'pid': None}, {'fullName': 'Thomas, Florian P.', 'name': 'Florian P.', 'surname': 'Thomas', 'rank': 6, 'pid': None}, {'fullName': 'Casanovas, Carlos', 'name': 'Carlos', 'surname': 'Casanovas', 'rank': 7, 'pid': None}, {'fullName': 'Tard, Cline', 'name': 'Cline', 'surname': 'Tard', 'rank': 8, 'pid': None}, {'fullName': 'Walter, Maggie C.', 'name': 'Maggie C.', 'surname': 'Walter', 'rank': 9, 'pid': None}, {'fullName': 'Pron, Yann', 'name': 'Yann', 'surname': 'Pron', 'rank': 10, 'pid': None}, {'fullName': 'Walk, David', 'name': 'David', 'surname': 'Walk', 'rank': 11, 'pid': None}, {'fullName': 'Stino, Amro', 'name': 'Amro', 'surname': 'Stino', 'rank': 12, 'pid': None}, {'fullName': 'de Visser, Marianne', 'name': 'Marianne', 'surname': 'de Visser', 'rank': 13, 'pid': None}, {'fullName': 'Verhamme, Camiel', 'name': 'Camiel', 'surname': 'Verhamme', 'rank': 14, 'pid': None}, {'fullName': 'Amato, Anthony', 'name': 'Anthony', 'surname': 'Amato', 'rank': 15, 'pid': None}, {'fullName': 'Carter, Gregory', 'name': 'Gregory', 'surname': 'Carter', 'rank': 16, 'pid': None}, {'fullName': 'Magy, Laurent', 'name': 'Laurent', 'surname': 'Magy', 'rank': 17, 'pid': None}, {'fullName': 'Statland, Jeffrey M.', 'name': 'Jeffrey M.', 'surname': 'Statland', 'rank': 18, 'pid': None}, {'fullName': 'Felice, Kevin', 'name': 'Kevin', 'surname': 'Felice', 'rank': 19, 'pid': None}]"
"a double-blind, placebo-controlled, randomized trial of pxt3003 for the treatment of charcotmarietooth type 1a","A double-blind, placebo-controlled, randomized trial of PXT3003 for the treatment of CharcotMarieTooth type 1A",doi_dedup___::3f55f95793d605e2f91e60913112d820 | figshare | 2024-01-01,"[{'fullName': 'Attarian, Shahram', 'name': 'Shahram', 'surname': 'Attarian', 'rank': 1, 'pid': {'id': {'scheme': 'orcid_pending', 'value': '0000-0002-7211-4694'}, 'provenance': None}}, {'fullName': 'Young, Peter', 'name': 'Peter', 'surname': 'Young', 'rank': 2, 'pid': None}, {'fullName': 'Brannagan, Thomas H.', 'name': 'Thomas H.', 'surname': 'Brannagan', 'rank': 3, 'pid': None}, {'fullName': 'Adams, David', 'name': 'David', 'surname': 'Adams', 'rank': 4, 'pid': None}, {'fullName': 'Van Damme, Philip', 'name': 'Philip', 'surname': 'Van Damme', 'rank': 5, 'pid': None}, {'fullName': 'Thomas, Florian P.', 'name': 'Florian P.', 'surname': 'Thomas', 'rank': 6, 'pid': None}, {'fullName': 'Casanovas, Carlos', 'name': 'Carlos', 'surname': 'Casanovas', 'rank': 7, 'pid': None}, {'fullName': 'Kafaie, Jafar', 'name': 'Jafar', 'surname': 'Kafaie', 'rank': 8, 'pid': None}, {'fullName': 'Tard, Cline', 'name': 'Cline', 'surname': 'Tard', 'rank': 9, 'pid': None}, {'fullName': 'Walter, Maggie C.', 'name': 'Maggie C.', 'surname': 'Walter', 'rank': 10, 'pid': None}, {'fullName': 'Pron, Yann', 'name': 'Yann', 'surname': 'Pron', 'rank': 11, 'pid': None}, {'fullName': 'Walk, David', 'name': 'David', 'surname': 'Walk', 'rank': 12, 'pid': None}, {'fullName': 'Stino, Amro', 'name': 'Amro', 'surname': 'Stino', 'rank': 13, 'pid': None}, {'fullName': 'de Visser, Marianne', 'name': 'Marianne', 'surname': 'de Visser', 'rank': 14, 'pid': None}, {'fullName': 'Verhamme, Camiel', 'name': 'Camiel', 'surname': 'Verhamme', 'rank': 15, 'pid': None}, {'fullName': 'Amato, Anthony', 'name': 'Anthony', 'surname': 'Amato', 'rank': 16, 'pid': None}, {'fullName': 'Carter, Gregory', 'name': 'Gregory', 'surname': 'Carter', 'rank': 17, 'pid': None}, {'fullName': 'Magy, Laurent', 'name': 'Laurent', 'surname': 'Magy', 'rank': 18, 'pid': None}, {'fullName': 'Statland, Jeffrey M.', 'name': 'Jeffrey M.', 'surname': 'Statland', 'rank': 19, 'pid': None}, {'fullName': 'Felice, Kevin', 'name': 'Kevin', 'surname': 'Felice', 'rank': 20, 'pid': None}]"
,,,
"supplementary material of ""prevalence of non-alcoholic fatty liver disease (nafld) in patients with type 1 diabetes mellitus: a systematic review and meta-analysis""","Supplementary material of ""Prevalence of non-alcoholic fatty liver disease (NAFLD) in patients with type 1 diabetes mellitus: a systematic review and meta-analysis""",doi_________::4d12f9f035d52ab0a85d711e08a0f63a | DataverseNL | 2020-01-01,"[{'fullName': 'De Vries, Marieke', 'name': 'Marieke', 'surname': 'De Vries', 'rank': 1, 'pid': {'id': {'scheme': 'orcid_pending', 'value': '0000-0002-9802-921x'}, 'provenance': None}}]"
"supplementary material of ""prevalence of non-alcoholic fatty liver disease (nafld) in patients with type 1 diabetes mellitus: a systematic review and meta-analysis""","Supplementary material of ""Prevalence of non-alcoholic fatty liver disease (NAFLD) in patients with type 1 diabetes mellitus: a systematic review and meta-analysis""",doi_dedup___::b045ca14cef9a23e0baf7c623c2514d6 | DataverseNL | 2020-01-01,"[{'fullName': 'de Vries, Marieke', 'name': 'Marieke', 'surname': 'de Vries', 'rank': 1, 'pid': {'id': {'scheme': 'orcid_pending', 'value': '0000-0002-9802-921x'}, 'provenance': None}}, {'fullName': 'de Valk, Harold W', 'name': 'Harold W', 'surname': 'de Valk', 'rank': 2, 'pid': {'id': {'scheme': 'orcid_pending', 'value': '0000-0002-8565-0939'}, 'provenance': None}}, {'fullName': 'Westerink, Jan', 'name': 'Jan', 'surname': 'Westerink', 'rank': 3, 'pid': {'id': {'scheme': 'orcid_pending', 'value': '0000-0001-5021-5227'}, 'provenance': None}}, {'fullName': 'Kaasjager, Karin (H.A.H.)', 'name': 'Karin (H.A.H.)', 'surname': 'Kaasjager', 'rank': 4, 'pid': {'id': {'scheme': 'orcid_pending', 'value': '0000-0001-6958-8285'}, 'provenance': None}}]"
,,,
an approach using performance models for supporting energy analysis of software systems,An approach using performance models for supporting energy analysis of software systems,doi_dedup___::cc50071393a8c21f9616619748901527 | Zenodo | 2023-04-28,"[{'fullName': 'Stoico, Vincenzo', 'name': 'Vincenzo', 'surname': 'Stoico', 'rank': 1, 'pid': {'id': {'scheme': 'orcid_pending', 'value': '0000-0002-3681-372x'}, 'provenance': None}}, {'fullName': 'Cortellessa, Vittorio', 'name': 'Vittorio', 'surname': 'Cortellessa', 'rank': 2, 'pid': {'id': {'scheme': 'orcid_pending', 'value': '0000-0002-4507-464x'}, 'provenance': None}}, {'fullName': 'Malavolta, Ivano', 'name': 'Ivano', 'surname': 'Malavolta', 'rank': 3, 'pid': {'id': {'scheme': 'orcid_pending', 'value': '0000-0001-5773-8346'}, 'provenance': None}}, {'fullName': 'Di Pompeo, Daniele', 'name': 'Daniele', 'surname': 'Di Pompeo', 'rank': 4, 'pid': {'id': {'scheme': 'orcid_pending', 'value': '0000-0003-2041-7375'}, 'provenance': None}}, {'fullName': 'Pomante, Luigi', 'name': 'Luigi', 'surname': 'Pomante', 'rank': 5, 'pid': {'id': {'scheme': 'orcid_pending', 'value': '0000-0002-4137-3634'}, 'provenance': None}}, {'fullName': 'Lago, Patricia', 'name': 'Patricia', 'surname': 'Lago', 'rank': 6, 'pid': {'id': {'scheme': 'orcid_pending', 'value': '0000-0002-2234-0845'}, 'provenance': None}}]"
an approach using performance models for supporting energy analysis of software systems,An approach using performance models for supporting energy analysis of software systems,doi_dedup___::66e8fa1a0dc6aa86f9f618e2a4d47c41 | Zenodo | 2023-04-28,"[{'fullName': 'Vincenzo Stoico', 'name': None, 'surname': 'Vincenzo Stoico', 'rank': 1, 'pid': {'id': {'scheme': 'orcid_pending', 'value': '0000-0002-3681-372x'}, 'provenance': None}}, {'fullName': 'Vittorio Cortellessa', 'name': None, 'surname': 'Vittorio Cortellessa', 'rank': 2, 'pid': {'id': {'scheme': 'orcid_pending', 'value': '0000-0002-4507-464x'}, 'provenance': None}}, {'fullName': 'Ivano Malavolta', 'name': None, 'surname': 'Ivano Malavolta', 'rank': 3, 'pid': {'id': {'scheme': 'orcid_pending', 'value': '0000-0001-5773-8346'}, 'provenance': None}}, {'fullName': 'Daniele Di Pompeo', 'name': None, 'surname': 'Daniele Di Pompeo', 'rank': 4, 'pid': {'id': {'scheme': 'orcid_pending', 'value': '0000-0003-2041-7375'}, 'provenance': None}}, {'fullName': 'Luigi Pomante', 'name': None, 'surname': 'Luigi Pomante', 'rank': 5, 'pid': {'id': {'scheme': 'orcid_pending', 'value': '0000-0002-4137-3634'}, 'provenance': None}}]"
,,,
replication data for: chapter 4,Replication Data for: Chapter 4,doi_dedup___::4251e5042019f2c5d7a50aa751613437 | DataverseNL | 2024-01-01,"[{'fullName': 'Nii-Aponsah, Hubert', 'name': 'Hubert', 'surname': 'Nii-Aponsah', 'rank': 1, 'pid': None}]"
replication data for: chapter 4,Replication Data for: Chapter 4,doi_dedup___::ae45497ac46f7e05df192cf58bf2ac55 | DataverseNL | 2022-01-01,"[{'fullName': 'Rubiconto, Francesca', 'name': 'Francesca', 'surname': 'Rubiconto', 'rank': 1, 'pid': {'id': {'scheme': 'orcid_pending', 'value': '0000-0001-7684-5040'}, 'provenance': None}}]"
,,,
research notitie,Research notitie,r3730f562f9e::7cef87c1da5052286576d679289fc637 | DataverseNL | 2024-01-01,"[{'fullName': 'Schalk, R.', 'name': 'R.', 'surname': 'Schalk', 'rank': 1, 'pid': None}, {'fullName': 'Keunen, A.', 'name': 'A.', 'surname': 'Keunen', 'rank': 2, 'pid': None}, {'fullName': 'Meijer, T.', 'name': 'T.', 'surname': 'Meijer', 'rank': 3, 'pid': None}]"
research notitie,Research notitie,r3730f562f9e::78b2117bb6b72cbf8642d2e0da57ac90 | DataverseNL | 2024-01-01,"[{'fullName': 'Stoker, J.I.', 'name': 'J. I.', 'surname': 'Stoker', 'rank': 1, 'pid': None}, {'fullName': 'Haan, N. de', 'name': 'N.', 'surname': 'Haan', 'rank': 2, 'pid': None}]"
,,,
